category_1,category_2,category_3,category_4
가공식품 , 가공식품세트류 , 가공식품세트류 , 건강식품세트
가공식품 , 가공식품세트류 , 가공식품세트류 , 기타가공식품세트류
가공식품 , 가공식품세트류 , 가공식품세트류 , 김세트
가공식품 , 가공식품세트류 , 가공식품세트류 , 식용유지세트
가공식품 , 가공식품세트류 , 가공식품세트류 , 통조림/병세트
가공식품 , 가공식품세트류 , 가공식품세트류 , 햄세트
가공식품 , 가공식품세트류 , 가공식품세트류 , 혼합가공식품세트류
가공식품 , 가공식품세트류 , 음료/주류세트 , 기타음료/주류세트
가공식품 , 가공식품세트류 , 음료/주류세트 , 음료세트
가공식품 , 가공식품세트류 , 음료/주류세트 , 주류세트
가공식품 , 가공식품세트류 , 음료/주류세트 , 차세트
가공식품 , 가공식품세트류 , 음료/주류세트 , 커피세트
가공식품 , 건강식품 , 건강기능식품 , 건강기능식품
가공식품 , 건강식품 , 건강보조식품 , 기타건강보조식품
가공식품 , 건강식품 , 건강보조식품 , 홍삼/인삼제품
가공식품 , 건강식품 , 기타건강식품 , 기타건강식품
가공식품 , 건강식품 , 다이어트식품 , 다이어트식품
가공식품 , 건강식품 , 천연건강식품 , 꿀
가공식품 , 건강식품 , 천연건강식품 , 선식
가공식품 , 건강식품 , 천연건강식품 , 자연식품
가공식품 , 과자류 , 과자세트류 , 과자세트류
가공식품 , 과자류 , 기타과자류 , 기타과자류
가공식품 , 과자류 , 비스킷 , 스낵
가공식품 , 과자류 , 비스킷 , 쿠키류
가공식품 , 과자류 , 비스킷 , 파이류
가공식품 , 과자류 , 사탕류 , 껌류
가공식품 , 과자류 , 사탕류 , 사탕
가공식품 , 과자류 , 사탕류 , 젤리류
가공식품 , 과자류 , 사탕류 , 초콜릿류
가공식품 , 과자류 , 전통과자 , 한과
가공식품 , 과자류 , 전통과자 , 화과자
가공식품 , 기타가공식품 , 기타가공식품 , 기타가공식품
가공식품 , 냉동식품 , 기타냉동식품 , 기타냉동식품
가공식품 , 냉동식품 , 냉동가공식품 , 기타냉동가공식품
가공식품 , 냉동식품 , 냉동가공식품 , 냉동과일류
가공식품 , 냉동식품 , 냉동가공식품 , 냉동돈까스
가공식품 , 냉동식품 , 냉동가공식품 , 냉동새우/문어/게
가공식품 , 냉동식품 , 냉동가공식품 , 냉동스테이크/떡갈비/섭산적
가공식품 , 냉동식품 , 냉동가공식품 , 냉동치킨
가공식품 , 냉동식품 , 냉동가공식품 , 냉동포장생선류
가공식품 , 냉동식품 , 냉동가공식품 , 냉동포장육/사골
가공식품 , 냉동식품 , 냉동가공식품 , 냉동포장해물모듬류
가공식품 , 냉동식품 , 냉동가공식품 , 냉동해물/감자/야채튀김류
가공식품 , 냉동식품 , 냉동가공식품 , 얼음류
가공식품 , 냉동식품 , 냉동가공식품 , 해물완자/육류완자
가공식품 , 냉동식품 , 아이스크림 , 기타아이스크림류
가공식품 , 냉동식품 , 아이스크림 , 모나카
가공식품 , 냉동식품 , 아이스크림 , 바아이스크림
가공식품 , 냉동식품 , 아이스크림 , 콘/컵아이스크림
가공식품 , 냉동식품 , 아이스크림 , 튜브아이스크림
가공식품 , 농산가공식품 , 건식품 , 건과일/야채
가공식품 , 농산가공식품 , 건식품 , 기타건식품
가공식품 , 농산가공식품 , 건식품 , 땅콩/견과류가공품
가공식품 , 농산가공식품 , 건식품 , 한약재류
가공식품 , 농산가공식품 , 기타농산가공식품 , 기타농산가공식품
가공식품 , 대용식재료 , 기타대용식재료 , 기타대용식
가공식품 , 대용식재료 , 기타대용식재료 , 떡국떡/떡볶이떡
가공식품 , 대용식재료 , 기타대용식재료 , 라이스페이퍼/또띠아피/춘권피
가공식품 , 대용식재료 , 기타대용식재료 , 만두피
가공식품 , 대용식재료 , 기타대용식재료 , 수제비
가공식품 , 대용식재료 , 면류 , 기타면류
가공식품 , 대용식재료 , 면류 , 냉면
가공식품 , 대용식재료 , 면류 , 당면
가공식품 , 대용식재료 , 면류 , 메밀면
가공식품 , 대용식재료 , 면류 , 쌀국수
가공식품 , 대용식재료 , 면류 , 우동면/숙면
가공식품 , 대용식재료 , 면류 , 중면/소면/세면
가공식품 , 대용식재료 , 면류 , 짜장면/짬뽕면
가공식품 , 대용식재료 , 면류 , 쫄면
가공식품 , 대용식재료 , 면류 , 칼국수면
가공식품 , 대용식재료 , 면류 , 파스타면
가공식품 , 분말류 , 기타분말류 , 기타분말류
가공식품 , 분말류 , 농산물분말류 , 기타농산물분말류
가공식품 , 분말류 , 농산물분말류 , 미숫가루
가공식품 , 분말류 , 농산물분말류 , 전분
가공식품 , 분말류 , 농산물분말류 , 찹쌀가루
가공식품 , 분말류 , 농산물분말류 , 콩가루
가공식품 , 분말류 , 밀가루분말류 , 기타밀가루분말류
가공식품 , 분말류 , 밀가루분말류 , 밀가루
가공식품 , 분말류 , 밀가루분말류 , 부침가루
가공식품 , 분말류 , 밀가루분말류 , 빵가루
가공식품 , 분말류 , 밀가루분말류 , 튀김가루
가공식품 , 분말류 , 밀가루분말류 , 홈메이드믹스
가공식품 , 분말류 , 소스분말류 , 기타소스분말류
가공식품 , 분말류 , 소스분말류 , 분말스프
가공식품 , 분말류 , 소스분말류 , 분말짜장
가공식품 , 분말류 , 소스분말류 , 분말카레
가공식품 , 빵류/떡류 , 떡류 , 기타떡류
가공식품 , 빵류/떡류 , 떡류 , 송편류
가공식품 , 빵류/떡류 , 떡류 , 시루떡류
가공식품 , 빵류/떡류 , 떡류 , 인절미류
가공식품 , 빵류/떡류 , 떡류 , 절편류
가공식품 , 빵류/떡류 , 빵류 , 기타빵류
가공식품 , 빵류/떡류 , 빵류 , 단팥/크림/소보루빵
가공식품 , 빵류/떡류 , 빵류 , 도넛
가공식품 , 빵류/떡류 , 빵류 , 식빵
가공식품 , 빵류/떡류 , 빵류 , 조리빵
가공식품 , 빵류/떡류 , 빵류 , 케익
가공식품 , 빵류/떡류 , 빵류 , 호빵/찐빵
가공식품 , 수산가공식품 , 건포류 , 건새우
가공식품 , 수산가공식품 , 건포류 , 기타건포류
가공식품 , 수산가공식품 , 건포류 , 멸치
가공식품 , 수산가공식품 , 건포류 , 오징어
가공식품 , 수산가공식품 , 건포류 , 쥐포
가공식품 , 수산가공식품 , 기타수산가공식품 , 기타수산가공식품
가공식품 , 수산가공식품 , 해조류 , 기타해조류
가공식품 , 수산가공식품 , 해조류 , 김
가공식품 , 수산가공식품 , 해조류 , 다시마
가공식품 , 수산가공식품 , 해조류 , 미역
가공식품 , 수산가공식품 , 해조류 , 한천
가공식품 , 어육/연식품류 , 어육제품류 , 기타어육제품류
가공식품 , 어육/연식품류 , 어육제품류 , 맛살
가공식품 , 어육/연식품류 , 어육제품류 , 어묵
가공식품 , 어육/연식품류 , 어육제품류 , 어육소시지
가공식품 , 어육/연식품류 , 연식품 , 곤약
가공식품 , 어육/연식품류 , 연식품 , 기타연식품
가공식품 , 어육/연식품류 , 연식품 , 두부
가공식품 , 어육/연식품류 , 연식품 , 묵류
가공식품 , 어육/연식품류 , 연식품 , 유부
가공식품 , 영유아식품 , 영유아식 , 기타영유아식
가공식품 , 영유아식품 , 영유아식 , 분유(국내)
가공식품 , 영유아식품 , 영유아식 , 이유식
가공식품 , 영유아식품 , 영유아용간식 , 기타영유아용간식
가공식품 , 영유아식품 , 영유아용간식 , 영유아용과자
가공식품 , 영유아식품 , 영유아용간식 , 영유아용음료
가공식품 , 유제품 , 요구르트 , 기타요구르트
가공식품 , 유제품 , 요구르트 , 액상요구르트
가공식품 , 유제품 , 우유 , 기능성우유
가공식품 , 유제품 , 우유 , 기타우유
가공식품 , 유제품 , 우유 , 연유
가공식품 , 유제품 , 우유 , 일반우유
가공식품 , 유제품 , 유가공품 , 기타유가공품
가공식품 , 유제품 , 유가공품 , 버터
가공식품 , 유제품 , 유가공품 , 치즈류
가공식품 , 유제품 , 유가공품 , 크림
가공식품 , 음료류 , 기능성/건강음료 , 곡류음료
가공식품 , 음료류 , 기능성/건강음료 , 기타기능성/건강음료
가공식품 , 음료류 , 기능성/건강음료 , 두유
가공식품 , 음료류 , 기능성/건강음료 , 숙취해소음료
가공식품 , 음료류 , 기능성/건강음료 , 스포츠/이온음료
가공식품 , 음료류 , 기능성/건강음료 , 식이섬유음료
가공식품 , 음료류 , 기능성/건강음료 , 인삼/한약재음료
가공식품 , 음료류 , 기능성/건강음료 , 전통음료
가공식품 , 음료류 , 기타음료류 , 기타음료류
가공식품 , 음료류 , 생수 , 기타생수
가공식품 , 음료류 , 생수 , 일반생수
가공식품 , 음료류 , 생수 , 탄산수
가공식품 , 음료류 , 주스 , 기타주스
가공식품 , 음료류 , 주스 , 야채음료
가공식품 , 음료류 , 주스 , 천연과즙음료
가공식품 , 음료류 , 주스 , 혼합주스음료
가공식품 , 음료류 , 주스 , 희석과즙음료
가공식품 , 음료류 , 탄산음료 , 과즙탄산음료
가공식품 , 음료류 , 탄산음료 , 기타탄산음료
가공식품 , 음료류 , 탄산음료 , 사이다
가공식품 , 음료류 , 탄산음료 , 착향탄산음료
가공식품 , 음료류 , 탄산음료 , 콜라
가공식품 , 절임/발효식품 , 김치류 , 갓김치
가공식품 , 절임/발효식품 , 김치류 , 기타김치류
가공식품 , 절임/발효식품 , 김치류 , 절임배추
가공식품 , 절임/발효식품 , 김치류 , 총각김치
가공식품 , 절임/발효식품 , 김치류 , 포기김치
가공식품 , 절임/발효식품 , 절임식품 , 기타절임식품
가공식품 , 절임/발효식품 , 절임식품 , 단무지/쌈무
가공식품 , 절임/발효식품 , 절임식품 , 올리브
가공식품 , 절임/발효식품 , 절임식품 , 장아찌류
가공식품 , 절임/발효식품 , 절임식품 , 피클/할라피뇨
가공식품 , 절임/발효식품 , 젓갈/액젓류 , 갈치속젓
가공식품 , 절임/발효식품 , 젓갈/액젓류 , 기타젓갈/액젓류
가공식품 , 절임/발효식품 , 젓갈/액젓류 , 까나리액젓
가공식품 , 절임/발효식품 , 젓갈/액젓류 , 멸치액젓
가공식품 , 절임/발효식품 , 젓갈/액젓류 , 멸치젓
가공식품 , 절임/발효식품 , 젓갈/액젓류 , 명란젓
가공식품 , 절임/발효식품 , 젓갈/액젓류 , 새우젓
가공식품 , 절임/발효식품 , 젓갈/액젓류 , 어리굴젓
가공식품 , 절임/발효식품 , 젓갈/액젓류 , 오징어젓
가공식품 , 절임/발효식품 , 젓갈/액젓류 , 조개젓
가공식품 , 절임/발효식품 , 젓갈/액젓류 , 창난젓
가공식품 , 조미료 , 드레싱/소스 , 드레싱
가공식품 , 조미료 , 드레싱/소스 , 마요네즈
가공식품 , 조미료 , 드레싱/소스 , 소스
가공식품 , 조미료 , 드레싱/소스 , 케첩
가공식품 , 조미료 , 유지류 , 고추씨기름
가공식품 , 조미료 , 유지류 , 기타식용유지
가공식품 , 조미료 , 유지류 , 들기름
가공식품 , 조미료 , 유지류 , 올리브유
가공식품 , 조미료 , 유지류 , 유채씨유(카놀라유)
가공식품 , 조미료 , 유지류 , 참기름
가공식품 , 조미료 , 유지류 , 콩기름(대두유)
가공식품 , 조미료 , 유지류 , 포도씨유
가공식품 , 조미료 , 유지류 , 현미유
가공식품 , 조미료 , 유지류 , 혼합식용유
가공식품 , 조미료 , 장류 , 간장
가공식품 , 조미료 , 장류 , 고추장
가공식품 , 조미료 , 장류 , 기타장류
가공식품 , 조미료 , 장류 , 된장
가공식품 , 조미료 , 장류 , 메주
가공식품 , 조미료 , 장류 , 쌈장
가공식품 , 조미료 , 장류 , 청국장
가공식품 , 조미료 , 장류 , 초고추장
가공식품 , 조미료 , 장류 , 춘장(짜장)
가공식품 , 조미료 , 종합조미료 , 가공염
가공식품 , 조미료 , 종합조미료 , 기타조미료
가공식품 , 조미료 , 종합조미료 , 물엿
가공식품 , 조미료 , 종합조미료 , 설탕
가공식품 , 조미료 , 종합조미료 , 시럽류
가공식품 , 조미료 , 종합조미료 , 식초
가공식품 , 조미료 , 종합조미료 , 요리용양념장
가공식품 , 조미료 , 종합조미료 , 육수
가공식품 , 조미료 , 종합조미료 , 천연/발효조미료
가공식품 , 조미료 , 종합조미료 , 천일염
가공식품 , 조미료 , 향신료 , 겨자
가공식품 , 조미료 , 향신료 , 계피
가공식품 , 조미료 , 향신료 , 고추가루
가공식품 , 조미료 , 향신료 , 기타향신료
가공식품 , 조미료 , 향신료 , 깨
가공식품 , 조미료 , 향신료 , 녹차가루
가공식품 , 조미료 , 향신료 , 마늘분말
가공식품 , 조미료 , 향신료 , 생강분말
가공식품 , 조미료 , 향신료 , 와사비
가공식품 , 조미료 , 향신료 , 후추
가공식품 , 주류 , 기타주류 , 기타주류
가공식품 , 주류 , 양조주 , 과실주
가공식품 , 주류 , 양조주 , 기타양조주
가공식품 , 주류 , 양조주 , 맥주
가공식품 , 주류 , 양조주 , 샴페인
가공식품 , 주류 , 양조주 , 약주
가공식품 , 주류 , 양조주 , 와인
가공식품 , 주류 , 양조주 , 청주
가공식품 , 주류 , 양조주 , 탁주
가공식품 , 주류 , 증류주 , 기타증류주
가공식품 , 주류 , 증류주 , 민속주/전통주
가공식품 , 주류 , 증류주 , 보드카
가공식품 , 주류 , 증류주 , 소주
가공식품 , 주류 , 혼성주 , 리큐르
가공식품 , 주류 , 혼성주 , 인삼주
가공식품 , 즉석/편의식품 , 냉동대용식 , 기타냉동대용식
가공식품 , 즉석/편의식품 , 냉동대용식 , 냉동면류
가공식품 , 즉석/편의식품 , 냉동대용식 , 냉동밥류
가공식품 , 즉석/편의식품 , 냉동대용식 , 만두류
가공식품 , 즉석/편의식품 , 냉동대용식 , 피자류
가공식품 , 즉석/편의식품 , 냉동대용식 , 핫도그류
가공식품 , 즉석/편의식품 , 라면류 , 기타라면류
가공식품 , 즉석/편의식품 , 라면류 , 봉지라면
가공식품 , 즉석/편의식품 , 라면류 , 용기라면
가공식품 , 즉석/편의식품 , 즉석/조리식품 , 기타즉석/조리식품
가공식품 , 즉석/편의식품 , 즉석/조리식품 , 즉석 죽/밥류
가공식품 , 즉석/편의식품 , 즉석/조리식품 , 즉석국/찌개류
가공식품 , 즉석/편의식품 , 즉석/조리식품 , 즉석면류
가공식품 , 즉석/편의식품 , 즉석/조리식품 , 즉석반찬류
가공식품 , 즉석/편의식품 , 즉석/조리식품 , 즉석스프
가공식품 , 즉석/편의식품 , 즉석/조리식품 , 즉석카레류
가공식품 , 즉석/편의식품 , 즉석/조리식품 , 즉석탕류/식육제품류
가공식품 , 즉석/편의식품 , 편의식품 , 기타편의식품
가공식품 , 즉석/편의식품 , 편의식품 , 김밥
가공식품 , 즉석/편의식품 , 편의식품 , 도시락류
가공식품 , 즉석/편의식품 , 편의식품 , 샐러드류
가공식품 , 즉석/편의식품 , 편의식품 , 시리얼
가공식품 , 차류 , 고형차 , 기타고형차
가공식품 , 차류 , 고형차 , 쌍화/계피/생강차
가공식품 , 차류 , 고형차 , 율무/견과차
가공식품 , 차류 , 고형차 , 인삼/홍삼차
가공식품 , 차류 , 액상차 , 과실차
가공식품 , 차류 , 액상차 , 기타액상차
가공식품 , 차류 , 액상차 , 꿀차
가공식품 , 차류 , 액상차 , 대추차
가공식품 , 차류 , 액상차 , 매실차
가공식품 , 차류 , 액상차 , 오미자차
가공식품 , 차류 , 액상차 , 유자/모과차
가공식품 , 차류 , 액상차 , 인삼/홍삼농축액
가공식품 , 차류 , 차음료 , 기타차음료
가공식품 , 차류 , 차음료 , 녹차음료
가공식품 , 차류 , 차음료 , 보리차음료
가공식품 , 차류 , 차음료 , 옥수수차음료
가공식품 , 차류 , 차음료 , 혼합차음료
가공식품 , 차류 , 침출차 , 결명자/둥글레차
가공식품 , 차류 , 침출차 , 구기자차/우롱차/우엉차
가공식품 , 차류 , 침출차 , 기타침출차
가공식품 , 차류 , 침출차 , 꽃/잎차
가공식품 , 차류 , 침출차 , 녹차/현미녹차
가공식품 , 차류 , 침출차 , 보리차
가공식품 , 차류 , 침출차 , 옥수수차
가공식품 , 차류 , 침출차 , 허브차/자스민차
가공식품 , 차류 , 침출차 , 홍차
가공식품 , 축산가공식품 , 기타축산가공식품 , 기타육가공
가공식품 , 축산가공식품 , 조미육가공 , 갈비찜
가공식품 , 축산가공식품 , 조미육가공 , 바비큐
가공식품 , 축산가공식품 , 조미육가공 , 베이컨
가공식품 , 축산가공식품 , 조미육가공 , 육포
가공식품 , 축산가공식품 , 조미육가공 , 족발
가공식품 , 축산가공식품 , 조미육가공 , 훈제오리
가공식품 , 축산가공식품 , 햄/소시지(통조림/병제외) , 소시지
가공식품 , 축산가공식품 , 햄/소시지(통조림/병제외) , 햄
가공식품 , 커피/코코아 , 기타커피/코코아 , 기타커피/코코아
가공식품 , 커피/코코아 , 액상커피 , 기타액상커피
가공식품 , 커피/코코아 , 액상커피 , 더치커피
가공식품 , 커피/코코아 , 액상커피 , 커피음료
가공식품 , 커피/코코아 , 원두커피 , 기타원두커피
가공식품 , 커피/코코아 , 원두커피 , 로스팅원두커피
가공식품 , 커피/코코아 , 원두커피 , 머신캡슐커피
가공식품 , 커피/코코아 , 조제커피 , 기타조제커피
가공식품 , 커피/코코아 , 조제커피 , 믹스커피
가공식품 , 커피/코코아 , 조제커피 , 인스턴트커피
가공식품 , 커피/코코아 , 코코아/핫초코 , 기타코코아/핫초코
가공식품 , 커피/코코아 , 코코아/핫초코 , 초코음료
가공식품 , 커피/코코아 , 코코아/핫초코 , 코코아/핫초코파우더
가공식품 , 통조림/병 , 기타통조림류 , 기타통조림류
가공식품 , 통조림/병 , 농산물통조림/병 , 과일류
가공식품 , 통조림/병 , 농산물통조림/병 , 기타농산물통조림/병
가공식품 , 통조림/병 , 농산물통조림/병 , 잼류/스프레드류
가공식품 , 통조림/병 , 수산물통조림/병 , 골뱅이
가공식품 , 통조림/병 , 수산물통조림/병 , 기타수산물통조림
가공식품 , 통조림/병 , 수산물통조림/병 , 꽁치/고등어
가공식품 , 통조림/병 , 수산물통조림/병 , 장조림
가공식품 , 통조림/병 , 수산물통조림/병 , 참치
가공식품 , 통조림/병 , 축산물통조림/병 , 축산물통조림
가공식품 , 통조림/병 , 축산물통조림/병 , 햄통조림
